{
  "ReRoutes": [
    {
      "DownstreamPathTemplate": "/api/StudentAttendance",
      "DownstreamScheme": "https",
      "DownstreamHostAndPorts": [
        {
          "Host": "localhost",
          "Port": 7141
        }
      ],
      "UpstreamPathTemplate": "/apigateway/AttendanceService",
      "UpstreamHttpMethod": [ "GET", "PUT", "POST" ]
    },
    {
      "DownstreamPathTemplate": "/api/StudentAdmission",
      "DownstreamScheme": "https",
      "DownstreamHostAndPorts": [
        {
          "Host": "localhost",
          "Port": 7288
        }
      ],
      "UpstreamPathTemplate": "/apigateway/AdmissionService",
      "UpstreamHttpMethod": [ "GET", "PUT", "POST" ]
    }
  ]
}